turn,speech_end_to_final_asr_ms,final_asr_to_llm_delta_ms,speech_end_to_llm_delta_ms,llm_to_tts_ms,tts_to_browser_pcm_ms,browser_pcm_to_first_render_ms,speech_end_to_first_render_ms,speech_end_to_playback_complete_ms,playback_duration_ms,underruns,worklet_reports,server_events,cancelled
1,2382.8000000044703,1732.2,4115,219.5,2.2,50.2,4386.9000000059605,,,,238,128,True
2,9491.29999999702,1636.5,11127.79999999702,185.0,2.0,45.4,11360.19999999553,,,,211,118,True
3,9938.89999999851,1340.8,11279.70000000298,189.5,2.9,56.3,11528.39999999851,,,,233,126,True
4,9539.29999999702,1732.6,11271.89999999851,181.1,2.8,4.3,11460.10000000149,53508.60000000149,42058.666666666664,35,469,240,False
5,7966.69999999553,888.9,8855.59999999404,181.3,3.1,45.5,9085.5,32674.89999999851,23629.333333333332,18,299,159,False
6,7975.70000000298,819.7,8795.40000000596,15.0,1.8,4.1,8816.30000000447,30936.5,22122.666666666668,18,285,154,False
7,8016.5,641.8,8658.29999999702,181.7,2.7,44.7,8887.39999999851,24867.10000000149,16021.333333333334,12,230,126,False
8,8482.5,491.2,8973.70000000298,220.0,1.9,43.3,9238.89999999851,25709.30000000447,16509.333333333332,11,226,125,False
9,7295,659.1,7954.10000000149,210.9,1.8,52.0,8218.79999999702,24738.89999999851,16560,11,234,133,False
10,7089.69999999553,822.1,7911.79999999702,143.8,1.9,44.4,8101.89999999851,33871.60000000149,25810.666666666668,21,316,165,False
