"Phase","Timestamp","ProcessName","Id","CPUSeconds","WorkingSet64","PrivateMemorySize64","Threads","Handles"
"start","2026-10-04T07:27:20.1743690+09:00","chrome","3888","213.53125","134311936","98271232","31","345"
"start","2026-10-04T07:27:20.1743690+09:00","chrome","5492","87.53125","145510400","92323840","27","338"
"start","2026-10-04T07:27:20.1743690+09:00","chrome","6548","0.3125","18444288","7938048","10","169"
"start","2026-10-04T07:27:20.1743690+09:00","chrome","7684","68.515625","27856896","11440128","13","262"
"start","2026-10-04T07:27:20.1743690+09:00","chrome","8884","8.40625","72261632","46051328","28","383"
"start","2026-10-04T07:27:20.1743690+09:00","chrome","9256","4.375","19398656","10174464","13","181"
"start","2026-10-04T07:27:20.1743690+09:00","chrome","10072","44.71875","109813760","178352128","29","417"
"start","2026-10-04T07:27:20.1743690+09:00","chrome","10452","1.953125","78876672","35115008","25","317"
"start","2026-10-04T07:27:20.1743690+09:00","chrome","11844","0.703125","9064448","2641920","8","221"
"start","2026-10-04T07:27:20.1743690+09:00","chrome","12400","147.1875","59547648","27774976","23","397"
"start","2026-10-04T07:27:20.1743690+09:00","chrome","14996","0.734375","33247232","15548416","11","208"
"start","2026-10-04T07:27:20.1743690+09:00","chrome","16992","939.609375","257261568","150556672","48","2144"
"start","2026-10-04T07:27:20.1743690+09:00","chrome","19524","66.234375","130703360","103788544","29","333"
"start","2026-10-04T07:27:20.1743690+09:00","chrome","21056","5.296875","59207680","29765632","28","301"
"start","2026-10-04T07:27:20.1743690+09:00","chrome","21408","14.09375","44257280","14118912","21","381"
"start","2026-10-04T07:27:20.1743690+09:00","chrome","21956","3.234375","46407680","35532800","14","547"
"start","2026-10-04T07:27:20.1743690+09:00","chrome","23492","5535.984375","221966336","299077632","32","2167"
"start","2026-10-04T07:27:20.1743690+09:00","chrome","23872","0.84375","32243712","20078592","14","221"
"start","2026-10-04T07:27:20.1743690+09:00","chrome","24352","7.6875","71143424","47292416","28","382"
"start","2026-10-04T07:27:20.1743690+09:00","chrome","24688","4.859375","40112128","15233024","9","347"
"start","2026-10-04T07:27:20.1743690+09:00","chrome","27916","4.53125","67829760","32931840","28","342"
"start","2026-10-04T07:27:20.1743690+09:00","chrome","29348","36.5","188678144","73236480","44","1606"
"start","2026-10-04T07:27:20.1743690+09:00","chrome","31460","0.171875","51724288","24993792","17","253"
"start","2026-10-04T07:27:20.1743690+09:00","chrome","31704","15.9375","23924736","8720384","12","241"
"start","2026-10-04T07:27:20.1743690+09:00","chrome","31928","0.078125","10579968","2600960","7","174"
"start","2026-10-04T07:27:20.1743690+09:00","engine","2228","0.15625","22679552","59183104","9","141"
"start","2026-10-04T07:27:20.1743690+09:00","python","11148","0.421875","25661440","15998976","4","130"
"start","2026-10-04T07:27:20.1743690+09:00","python","16572","0.015625","4247552","860160","2","60"
"start","2026-10-04T07:27:20.1743690+09:00","python","24464","4.390625","106065920","621154304","22","237"
"start","2026-10-04T07:27:20.1743690+09:00","python","32108","0","4247552","860160","2","60"
"start","2026-10-04T07:27:20.1743690+09:00","sherpa-onnx-nemotron-worker","31720","6.5","759296000","746807296","8","152"
"middle","2026-10-04T07:44:47.8222478+09:00","chrome","3888","216.90625","136507392","100315136","31","345"
"middle","2026-10-04T07:44:47.8222478+09:00","chrome","4912","0.21875","48906240","22302720","18","257"
"middle","2026-10-04T07:44:47.8222478+09:00","chrome","5492","185.484375","567721984","540536832","29","345"
"middle","2026-10-04T07:44:47.8222478+09:00","chrome","6548","0.34375","18915328","8048640","11","175"
"middle","2026-10-04T07:44:47.8222478+09:00","chrome","7684","68.734375","27856896","11440128","13","262"
"middle","2026-10-04T07:44:47.8222478+09:00","chrome","8884","8.453125","72261632","46051328","28","383"
"middle","2026-10-04T07:44:47.8222478+09:00","chrome","9256","4.421875","19398656","10174464","13","181"
"middle","2026-10-04T07:44:47.8222478+09:00","chrome","10072","44.921875","110452736","178417664","29","417"
"middle","2026-10-04T07:44:47.8222478+09:00","chrome","10452","2.015625","79806464","35512320","26","323"
"middle","2026-10-04T07:44:47.8222478+09:00","chrome","11844","0.71875","9080832","2641920","8","221"
"middle","2026-10-04T07:44:47.8222478+09:00","chrome","12400","147.78125","58982400","27127808","23","397"
"middle","2026-10-04T07:44:47.8222478+09:00","chrome","14996","0.78125","33792000","15757312","12","214"
"middle","2026-10-04T07:44:47.8222478+09:00","chrome","16992","950.34375","259227648","152285184","47","2149"
"middle","2026-10-04T07:44:47.8222478+09:00","chrome","19524","67.09375","133775360","106905600","29","333"
"middle","2026-10-04T07:44:47.8222478+09:00","chrome","21056","5.375","59248640","29777920","28","301"
"middle","2026-10-04T07:44:47.8222478+09:00","chrome","21408","22.90625","44748800","14147584","21","388"
"middle","2026-10-04T07:44:47.8222478+09:00","chrome","21956","3.265625","46415872","35532800","14","547"
"middle","2026-10-04T07:44:47.8222478+09:00","chrome","23492","5536.921875","221806592","298639360","32","2168"
"middle","2026-10-04T07:44:47.8222478+09:00","chrome","23872","0.90625","32243712","20078592","14","221"
"middle","2026-10-04T07:44:47.8222478+09:00","chrome","24352","7.75","71143424","47292416","28","382"
"middle","2026-10-04T07:44:47.8222478+09:00","chrome","24688","8.140625","40783872","15405056","10","353"
"middle","2026-10-04T07:44:47.8222478+09:00","chrome","27916","4.59375","67829760","32931840","28","342"
"middle","2026-10-04T07:44:47.8222478+09:00","chrome","29348","45.984375","190361600","74031104","46","1613"
"middle","2026-10-04T07:44:47.8222478+09:00","chrome","31704","24.546875","24395776","8790016","11","266"
"middle","2026-10-04T07:44:47.8222478+09:00","chrome","31928","0.09375","10579968","2600960","7","174"
"middle","2026-10-04T07:44:47.8222478+09:00","engine","2228","11.203125","37081088","68190208","17","379"
"middle","2026-10-04T07:44:47.8222478+09:00","python","11148","0.78125","25935872","16990208","1","129"
"middle","2026-10-04T07:44:47.8222478+09:00","python","16572","0.015625","4317184","831488","1","60"
"middle","2026-10-04T07:44:47.8222478+09:00","python","24464","25.046875","135139328","653844480","16","225"
"middle","2026-10-04T07:44:47.8222478+09:00","python","32108","0","4317184","835584","1","60"
"middle","2026-10-04T07:44:47.8222478+09:00","sherpa-onnx-nemotron-worker","31720","1318.125","795901952","819367936","5","151"
"end","2026-10-04T08:05:28.2252216+09:00","chrome","2456","15.1875","153624576","100196352","30","402"
"end","2026-10-04T08:05:28.2252216+09:00","chrome","3888","222.859375","128987136","99209216","31","345"
"end","2026-10-04T08:05:28.2252216+09:00","chrome","5492","455.921875","516182016","467460096","27","317"
"end","2026-10-04T08:05:28.2252216+09:00","chrome","6548","0.375","18280448","8044544","11","175"
"end","2026-10-04T08:05:28.2252216+09:00","chrome","7684","68.8125","27459584","11431936","13","261"
"end","2026-10-04T08:05:28.2252216+09:00","chrome","8884","8.6875","71847936","47206400","28","383"
"end","2026-10-04T08:05:28.2252216+09:00","chrome","9256","4.78125","19750912","10362880","13","186"
"end","2026-10-04T08:05:28.2252216+09:00","chrome","10072","77.6875","294100992","261959680","31","490"
"end","2026-10-04T08:05:28.2252216+09:00","chrome","10452","2.03125","70430720","35602432","26","323"
"end","2026-10-04T08:05:28.2252216+09:00","chrome","11844","0.78125","9097216","2646016","8","249"
"end","2026-10-04T08:05:28.2252216+09:00","chrome","12400","167.921875","64790528","31404032","26","450"
"end","2026-10-04T08:05:28.2252216+09:00","chrome","14996","0.78125","31698944","15945728","12","214"
"end","2026-10-04T08:05:28.2252216+09:00","chrome","16992","1022.3125","278564864","167079936","47","2322"
"end","2026-10-04T08:05:28.2252216+09:00","chrome","18084","0.203125","49029120","22347776","18","257"
"end","2026-10-04T08:05:28.2252216+09:00","chrome","20408","0.671875","33693696","15757312","14","215"
"end","2026-10-04T08:05:28.2252216+09:00","chrome","21056","6.078125","72388608","32362496","28","314"
"end","2026-10-04T08:05:28.2252216+09:00","chrome","21408","33.140625","42926080","14139392","21","382"
"end","2026-10-04T08:05:28.2252216+09:00","chrome","21956","3.359375","46301184","35528704","14","547"
"end","2026-10-04T08:05:28.2252216+09:00","chrome","22812","4.21875","119132160","60174336","28","327"
"end","2026-10-04T08:05:28.2252216+09:00","chrome","23492","5567.984375","255586304","348762112","32","2357"
"end","2026-10-04T08:05:28.2252216+09:00","chrome","24284","1.015625","69816320","28454912","26","289"
"end","2026-10-04T08:05:28.2252216+09:00","chrome","24352","10.65625","104095744","52883456","28","387"
"end","2026-10-04T08:05:28.2252216+09:00","chrome","24688","14.671875","38498304","15294464","10","353"
"end","2026-10-04T08:05:28.2252216+09:00","chrome","27916","5.375","79155200","35393536","28","343"
"end","2026-10-04T08:05:28.2252216+09:00","chrome","29348","59.03125","175222784","78757888","44","1606"
"end","2026-10-04T08:05:28.2252216+09:00","chrome","29636","29.671875","287485952","213209088","31","615"
"end","2026-10-04T08:05:28.2252216+09:00","chrome","31444","1.0625","72429568","29601792","27","295"
"end","2026-10-04T08:05:28.2252216+09:00","chrome","31704","35.96875","23769088","8859648","13","246"
"end","2026-10-04T08:05:28.2252216+09:00","chrome","31928","0.09375","10174464","2600960","7","174"
"end","2026-10-04T08:05:28.2252216+09:00","engine","2228","25.125","37433344","67977216","17","289"
"end","2026-10-04T08:05:28.2252216+09:00","python","11148","1.109375","25935872","16990208","1","129"
"end","2026-10-04T08:05:28.2252216+09:00","python","16572","0.015625","4317184","831488","1","60"
"end","2026-10-04T08:05:28.2252216+09:00","python","24464","49.140625","135127040","653266944","16","225"
"end","2026-10-04T08:05:28.2252216+09:00","python","32108","0","4317184","835584","1","60"
"end","2026-10-04T08:05:28.2252216+09:00","sherpa-onnx-nemotron-worker","31720","2794.421875","796131328","819621888","5","151"
