"Timestamp","ProcessName","Id","CPUSeconds","WorkingSet64","Threads","PriorityClass"
"2026-10-04T06:56:49.4093220+09:00","chrome","3888","205.75","130310144","31","Normal"
"2026-10-04T06:56:49.4093220+09:00","chrome","5492","35.390625","224305152","29","Normal"
"2026-10-04T06:56:49.4093220+09:00","chrome","6548","0.25","18415616","10","Normal"
"2026-10-04T06:56:49.4093220+09:00","chrome","7684","68.421875","27856896","13","Normal"
"2026-10-04T06:56:49.4093220+09:00","chrome","8884","8.296875","72261632","28","Idle"
"2026-10-04T06:56:49.4093220+09:00","chrome","9256","4.328125","19398656","13","Normal"
"2026-10-04T06:56:49.4093220+09:00","chrome","10072","44.5","108941312","29","Idle"
"2026-10-04T06:56:49.4093220+09:00","chrome","10452","1.90625","78278656","25","Idle"
"2026-10-04T06:56:49.4093220+09:00","chrome","11844","0.65625","9064448","8","Normal"
"2026-10-04T06:56:49.4093220+09:00","chrome","12400","144.09375","59490304","23","Normal"
"2026-10-04T06:56:49.4093220+09:00","chrome","13156","0.265625","49008640","18","Idle"
"2026-10-04T06:56:49.4093220+09:00","chrome","14996","0.6875","33214464","11","Idle"
"2026-10-04T06:56:49.4093220+09:00","chrome","16992","912.234375","256294912","47","Normal"
"2026-10-04T06:56:49.4093220+09:00","chrome","19524","64.6875","126230528","29","Normal"
"2026-10-04T06:56:49.4093220+09:00","chrome","21056","5.265625","59109376","28","Idle"
"2026-10-04T06:56:49.4093220+09:00","chrome","21408","7.53125","43986944","21","Normal"
"2026-10-04T06:56:49.4093220+09:00","chrome","21956","3.15625","46403584","14","Normal"
"2026-10-04T06:56:49.4093220+09:00","chrome","23492","5534.078125","221618176","32","AboveNormal"
"2026-10-04T06:56:49.4093220+09:00","chrome","23872","0.734375","32235520","14","Idle"
"2026-10-04T06:56:49.4093220+09:00","chrome","24352","7.578125","71143424","28","Idle"
"2026-10-04T06:56:49.4093220+09:00","chrome","24688","2.796875","41226240","9","AboveNormal"
"2026-10-04T06:56:49.4093220+09:00","chrome","27916","4.390625","67825664","28","Idle"
"2026-10-04T06:56:49.4093220+09:00","chrome","29348","27.609375","190918656","47","Normal"
"2026-10-04T06:56:49.4093220+09:00","chrome","31704","8.21875","23945216","10","Normal"
"2026-10-04T06:56:49.4093220+09:00","chrome","31928","0.0625","10579968","7","Normal"
"2026-10-04T06:56:49.4093220+09:00","engine","29748","7.96875","36769792","16","Normal"
"2026-10-04T06:56:49.4093220+09:00","python","15324","0","4317184","1","Normal"
"2026-10-04T06:56:49.4093220+09:00","python","29808","0.703125","26038272","1","Normal"
"2026-10-04T06:56:49.4093220+09:00","python","30556","23.671875","133783552","16","Normal"
"2026-10-04T06:56:49.4093220+09:00","python","30692","0.015625","4317184","1","Normal"
"2026-10-04T06:56:49.4093220+09:00","sherpa-onnx-nemotron-worker","1424","958.578125","795901952","5","Normal"
"2026-10-04T07:04:39.2548065+09:00","chrome","3888","207.375","129732608","31","Normal"
"2026-10-04T07:04:39.2548065+09:00","chrome","5492","72.796875","221155328","27","Normal"
"2026-10-04T07:04:39.2548065+09:00","chrome","6548","0.28125","18427904","10","Normal"
"2026-10-04T07:04:39.2548065+09:00","chrome","7684","68.421875","27856896","13","Normal"
"2026-10-04T07:04:39.2548065+09:00","chrome","8884","8.3125","72261632","28","Idle"
"2026-10-04T07:04:39.2548065+09:00","chrome","9256","4.328125","19398656","13","Normal"
"2026-10-04T07:04:39.2548065+09:00","chrome","10072","44.578125","109146112","29","Idle"
"2026-10-04T07:04:39.2548065+09:00","chrome","10452","1.921875","78274560","25","Idle"
"2026-10-04T07:04:39.2548065+09:00","chrome","11844","0.671875","9064448","8","Normal"
"2026-10-04T07:04:39.2548065+09:00","chrome","12400","145.234375","58974208","23","Normal"
"2026-10-04T07:04:39.2548065+09:00","chrome","14996","0.703125","33243136","11","Idle"
"2026-10-04T07:04:39.2548065+09:00","chrome","16992","919.046875","257331200","47","Normal"
"2026-10-04T07:04:39.2548065+09:00","chrome","19524","65.140625","128798720","29","Normal"
"2026-10-04T07:04:39.2548065+09:00","chrome","21056","5.296875","59109376","28","Idle"
"2026-10-04T07:04:39.2548065+09:00","chrome","21408","11.703125","44163072","20","Normal"
"2026-10-04T07:04:39.2548065+09:00","chrome","21956","3.171875","46403584","14","Normal"
"2026-10-04T07:04:39.2548065+09:00","chrome","23492","5534.46875","221732864","32","AboveNormal"
"2026-10-04T07:04:39.2548065+09:00","chrome","23872","0.78125","32235520","14","Idle"
"2026-10-04T07:04:39.2548065+09:00","chrome","24352","7.640625","71143424","28","Idle"
"2026-10-04T07:04:39.2548065+09:00","chrome","24688","3.921875","39079936","9","AboveNormal"
"2026-10-04T07:04:39.2548065+09:00","chrome","27916","4.4375","67829760","28","Idle"
"2026-10-04T07:04:39.2548065+09:00","chrome","29348","32.0625","190263296","46","Normal"
"2026-10-04T07:04:39.2548065+09:00","chrome","30788","0.203125","49016832","18","Idle"
"2026-10-04T07:04:39.2548065+09:00","chrome","31704","13.203125","23953408","12","Normal"
"2026-10-04T07:04:39.2548065+09:00","chrome","31928","0.078125","10579968","7","Normal"
"2026-10-04T07:04:39.2548065+09:00","engine","29748","12.984375","36757504","16","Normal"
"2026-10-04T07:04:39.2548065+09:00","python","15324","0","4317184","1","Normal"
"2026-10-04T07:04:39.2548065+09:00","python","29808","0.828125","26038272","1","Normal"
"2026-10-04T07:04:39.2548065+09:00","python","30556","33.59375","133795840","16","Normal"
"2026-10-04T07:04:39.2548065+09:00","python","30692","0.015625","4317184","1","Normal"
"2026-10-04T07:04:39.2548065+09:00","sherpa-onnx-nemotron-worker","1424","1501.3125","795901952","5","Normal"
